14:57:52,18.02.2018,3201,4459,440,491,11960
15:23:36,18.02.2018,3126,4455,440,10,12055
16:16:20,18.02.2018,3113,4455,440,10,12051
16:17:21,18.02.2018,3101,4416,440,959,12051
16:18:23,18.02.2018,3112,4438,440,734,12051
16:19:24,18.02.2018,3131,4465,440,426,12051
16:20:26,18.02.2018,3093,4439,440,703,12051
16:21:27,18.02.2018,3081,4438,440,694,12051
16:22:29,18.02.2018,3067,4436,440,720,12051
16:23:30,18.02.2018,3064,4444,440,616,12051
16:24:31,18.02.2018,3051,4441,440,740,12051
16:25:33,18.02.2018,3035,4437,440,667,12051
16:26:35,18.02.2018,3042,4453,440,474,11771
16:27:36,18.02.2018,3021,4442,440,635,11771
16:28:38,18.02.2018,3054,4477,440,4,12084
16:29:39,18.02.2018,3091,4477,440,2223,12084
16:30:40,18.02.2018,3125,4477,440,1960,12084
16:31:42,18.02.2018,3156,4477,440,1921,12084
16:32:43,18.02.2018,3187,4477,440,1760,12084
16:33:44,18.02.2018,3216,4477,440,1742,12084
16:34:46,18.02.2018,3245,4477,440,1742,12084
16:35:47,18.02.2018,3274,4477,440,1741,12084
16:36:49,18.02.2018,3303,4477,440,1741,12084
16:37:50,18.02.2018,3332,4477,440,1741,12084
16:38:52,18.02.2018,3361,4477,440,1741,12725
16:39:53,18.02.2018,3390,4477,440,1742,12725
16:40:55,18.02.2018,3419,4477,440,1742,12725
16:41:56,18.02.2018,3448,4477,440,1742,12725
16:42:58,18.02.2018,3477,4477,440,1742,12725
16:43:59,18.02.2018,3506,4477,440,1742,12725
16:45:01,18.02.2018,3535,4477,440,1742,12725
16:46:02,18.02.2018,3593,4477,440,1742,12725
16:47:04,18.02.2018,3622,4477,440,1742,12725
16:48:05,18.02.2018,3651,4477,440,1743,12899
16:49:07,18.02.2018,3680,4477,440,1742,12899
16:50:08,18.02.2018,3709,4477,440,1742,12899
16:51:10,18.02.2018,3738,4477,440,1742,12899
16:52:11,18.02.2018,3767,4477,440,1743,12899
16:53:13,18.02.2018,3796,4477,440,1743,12899
16:54:14,18.02.2018,3825,4477,440,1743,12899
16:55:16,18.02.2018,3854,4477,440,1662,12899
16:56:17,18.02.2018,3880,4477,440,1615,12899
16:57:19,18.02.2018,3907,4477,440,1555,12899
16:58:20,18.02.2018,3932,4477,440,1487,13007
16:59:21,18.02.2018,3957,4477,440,1486,13007
17:00:23,18.02.2018,3979,4477,440,1360,13007
17:01:24,18.02.2018,4002,4477,440,1356,13007
17:02:26,18.02.2018,4024,4477,440,1271,13007
17:03:27,18.02.2018,4045,4477,440,1228,13007
17:04:28,18.02.2018,4065,4477,440,1228,13007
17:05:30,18.02.2018,4084,4477,440,1112,13007
17:06:31,18.02.2018,4103,4477,440,1099,13007
17:07:32,18.02.2018,4121,4477,440,1098,13007
17:08:34,18.02.2018,4138,4477,440,992,13002
17:09:35,18.02.2018,4154,4477,440,969,13002
17:10:37,18.02.2018,4171,4477,440,970,13002
17:11:38,18.02.2018,4186,4477,440,970,13002
17:12:39,18.02.2018,4201,4477,440,842,13002
17:13:41,18.02.2018,4215,4477,440,840,13002
17:14:42,18.02.2018,4229,4477,440,838,13002
17:15:43,18.02.2018,4243,4477,440,840,13002
17:16:45,18.02.2018,4256,4477,440,732,13002
17:17:46,18.02.2018,4268,4477,440,711,13002
17:18:47,18.02.2018,4280,4477,440,709,13013
17:19:49,18.02.2018,4291,4477,440,711,13013
17:20:50,18.02.2018,4303,4477,440,711,13013
17:21:52,18.02.2018,4314,4477,440,594,13013
17:22:53,18.02.2018,4324,4477,440,581,13013
17:23:54,18.02.2018,4333,4477,440,580,13013
17:24:56,18.02.2018,4343,4477,440,581,13013
17:25:57,18.02.2018,4353,4477,440,580,13013
17:26:59,18.02.2018,4362,4477,440,583,13013
17:28:00,18.02.2018,4372,4477,440,584,13013
17:29:02,18.02.2018,4388,4477,440,452,13003
17:30:03,18.02.2018,4395,4477,440,453,13003
17:31:04,18.02.2018,4403,4477,440,451,13003
17:32:06,18.02.2018,4410,4477,440,450,13003
17:33:07,18.02.2018,4418,4477,440,450,13003
17:34:09,18.02.2018,4425,4477,440,449,13003
17:35:10,18.02.2018,4432,4477,440,449,13003
17:36:11,18.02.2018,4432,4477,440,450,13003
17:37:13,18.02.2018,4432,4477,440,324,13003
17:38:14,18.02.2018,4432,4477,440,321,13004
17:39:16,18.02.2018,4432,4477,440,320,13004
17:40:17,18.02.2018,4432,4477,440,321,13004
17:41:18,18.02.2018,4432,4477,440,320,13004
17:42:20,18.02.2018,4432,4477,440,320,13004
17:43:21,18.02.2018,4432,4477,440,320,13004
17:44:22,18.02.2018,4432,4477,440,320,13004
17:45:24,18.02.2018,4432,4477,440,321,13004
17:46:25,18.02.2018,4432,4477,440,321,13004
17:47:27,18.02.2018,4432,4477,440,322,13004
17:48:28,18.02.2018,4432,4477,440,322,13035
17:49:29,18.02.2018,4432,4477,440,250,13035
17:50:31,18.02.2018,4432,4477,440,248,13035
17:51:32,18.02.2018,4432,4477,440,247,13035
17:52:33,18.02.2018,4432,4477,440,248,13035
17:53:35,18.02.2018,4432,4477,440,247,13035
17:54:36,18.02.2018,4432,4477,440,247,13035
17:55:37,18.02.2018,4432,4477,440,247,13035
17:56:39,18.02.2018,4432,4477,440,247,13035
17:57:40,18.02.2018,4432,4477,440,247,13035
17:58:42,18.02.2018,4432,4477,440,247,13038
17:59:43,18.02.2018,4432,4477,440,216,13006
18:00:45,18.02.2018,4477,4477,440,136,13006
18:01:46,18.02.2018,4477,4477,440,2,13006
18:02:48,18.02.2018,4477,4477,440,0,13006
18:03:49,18.02.2018,4477,4477,440,0,13006
18:04:51,18.02.2018,4477,4477,440,0,13006
18:05:52,18.02.2018,4477,4477,440,0,13006
18:06:54,18.02.2018,4477,4477,440,0,13006
18:07:55,18.02.2018,4477,4477,440,0,13006
18:08:57,18.02.2018,4477,4477,440,0,13006
18:09:58,18.02.2018,4477,4477,440,0,12951
18:11:00,18.02.2018,4477,4477,440,0,12951
18:12:01,18.02.2018,4477,4477,440,0,12951
18:13:03,18.02.2018,4477,4477,440,0,12951
18:14:04,18.02.2018,4477,4477,440,0,12951
18:15:06,18.02.2018,4477,4477,440,0,12951
18:16:07,18.02.2018,4477,4477,440,0,12951
18:17:09,18.02.2018,4477,4477,440,0,12951
18:18:10,18.02.2018,4477,4477,440,0,12951
18:19:12,18.02.2018,4477,4477,440,0,12951
18:20:13,18.02.2018,4477,4477,440,0,12943
18:21:15,18.02.2018,4477,4477,440,0,12943
18:22:17,18.02.2018,4477,4477,440,0,12943
18:23:18,18.02.2018,4477,4477,440,0,12943
18:24:20,18.02.2018,4477,4477,440,0,12943
18:25:21,18.02.2018,4477,4477,440,0,12943
18:26:22,18.02.2018,4477,4477,440,0,12943
18:27:24,18.02.2018,4477,4477,440,0,12943
18:28:25,18.02.2018,4477,4477,440,0,12943
18:29:27,18.02.2018,4477,4477,440,0,12941
18:30:28,18.02.2018,4470,4470,440,0,12941
18:31:29,18.02.2018,4470,4470,440,0,12941
18:32:31,18.02.2018,4470,4470,440,0,12941
18:33:32,18.02.2018,4470,4470,440,0,12941
18:34:34,18.02.2018,4470,4470,440,0,12941
18:35:35,18.02.2018,4470,4470,440,0,12941
18:36:36,18.02.2018,4470,4470,440,0,12941
18:37:38,18.02.2018,4470,4470,440,0,12941
18:38:39,18.02.2018,4470,4470,440,0,12941
18:39:40,18.02.2018,4470,4470,440,0,12938
18:40:42,18.02.2018,4470,4470,440,0,12938
18:41:43,18.02.2018,4470,4470,440,0,12938
18:42:45,18.02.2018,4470,4470,440,0,12938
18:43:46,18.02.2018,4470,4470,440,0,12938
18:44:47,18.02.2018,4470,4470,440,0,12938
18:45:48,18.02.2018,4470,4470,440,0,12938
18:46:50,18.02.2018,4470,4470,440,0,12938
18:47:51,18.02.2018,4470,4470,440,0,12938
18:48:53,18.02.2018,4470,4470,440,0,12938
18:49:54,18.02.2018,4470,4470,440,0,12936
18:50:55,18.02.2018,4470,4470,440,0,12936
18:51:57,18.02.2018,4470,4470,440,0,12936
18:52:58,18.02.2018,4470,4470,440,0,12936
18:53:59,18.02.2018,4470,4470,440,0,12936
18:55:01,18.02.2018,4470,4470,440,0,12936
18:56:02,18.02.2018,4470,4470,440,0,12936
18:57:04,18.02.2018,4470,4470,440,0,12936
18:58:05,18.02.2018,4470,4470,440,0,12936
18:59:07,18.02.2018,4470,4470,440,0,12936
19:00:08,18.02.2018,4470,4470,440,0,12934
19:01:10,18.02.2018,4470,4470,440,0,12934
19:02:11,18.02.2018,4470,4470,440,0,12934
19:03:12,18.02.2018,4470,4470,440,0,12934
19:04:14,18.02.2018,4470,4470,440,0,12934
19:05:15,18.02.2018,4470,4470,440,0,12934
19:06:17,18.02.2018,4470,4470,440,0,12934
19:07:18,18.02.2018,4470,4470,440,0,12934
19:08:20,18.02.2018,4470,4470,440,0,12934
19:09:21,18.02.2018,4470,4470,440,0,12934
19:10:23,18.02.2018,4470,4470,440,0,12934
19:11:24,18.02.2018,4470,4470,440,0,12934
19:12:25,18.02.2018,4470,4470,440,0,12934
19:13:27,18.02.2018,4470,4470,440,0,12934
19:14:28,18.02.2018,4470,4470,440,0,12934
19:15:30,18.02.2018,4470,4470,440,0,12934
19:16:31,18.02.2018,4470,4470,440,0,12934
19:17:32,18.02.2018,4470,4470,440,0,12934
19:18:34,18.02.2018,4470,4470,440,0,12934
19:19:35,18.02.2018,4470,4470,440,0,12934
19:20:36,18.02.2018,4470,4470,440,0,12934
19:21:38,18.02.2018,4470,4470,440,0,12934
19:22:39,18.02.2018,4470,4470,440,0,12934
19:23:41,18.02.2018,4470,4470,440,0,12934
19:24:42,18.02.2018,4470,4470,440,0,12934
19:25:43,18.02.2018,4470,4470,440,0,12934
19:26:45,18.02.2018,4470,4470,440,0,12934
19:27:46,18.02.2018,4470,4470,440,0,12934
19:28:48,18.02.2018,4470,4470,440,0,12934
19:29:49,18.02.2018,4470,4470,440,0,12932
19:30:51,18.02.2018,4470,4470,440,0,12932
19:31:52,18.02.2018,4470,4470,440,0,12932
19:32:53,18.02.2018,4470,4470,440,0,12932
19:33:55,18.02.2018,4470,4470,440,0,12932
19:34:56,18.02.2018,4470,4470,440,0,12932
19:35:58,18.02.2018,4470,4470,440,0,12932
19:36:59,18.02.2018,4470,4470,440,0,12932
19:38:00,18.02.2018,4470,4470,440,0,12932
19:39:02,18.02.2018,4470,4470,440,0,12932
19:40:03,18.02.2018,4470,4470,440,0,12932
19:41:05,18.02.2018,4470,4470,440,0,12932
19:42:06,18.02.2018,4470,4470,440,0,12932
19:43:08,18.02.2018,4470,4470,440,0,12932
19:44:09,18.02.2018,4470,4470,440,0,12932
19:45:11,18.02.2018,4470,4470,440,0,12932
19:46:12,18.02.2018,4470,4470,440,0,12932
19:47:14,18.02.2018,4470,4470,440,0,12932
19:48:15,18.02.2018,4470,4470,440,0,12932
19:49:16,18.02.2018,4470,4470,440,0,12932
19:50:17,18.02.2018,4470,4470,440,0,12931
19:51:19,18.02.2018,4470,4470,440,0,12931
19:52:20,18.02.2018,4470,4470,440,0,12931
19:53:21,18.02.2018,4470,4470,440,0,12931
19:54:23,18.02.2018,4470,4470,440,0,12931
19:55:24,18.02.2018,4470,4470,440,0,12931
19:56:25,18.02.2018,4470,4470,440,0,12931
19:57:27,18.02.2018,4470,4470,440,0,12931
19:58:28,18.02.2018,4470,4470,440,0,12931
19:59:30,18.02.2018,4470,4470,440,0,12931
20:00:31,18.02.2018,4470,4470,440,0,12931
20:01:32,18.02.2018,4470,4470,440,0,12931
20:02:34,18.02.2018,4470,4470,440,0,12931
20:03:35,18.02.2018,4470,4470,440,0,12931
20:04:36,18.02.2018,4470,4470,440,0,12931
20:05:38,18.02.2018,4470,4470,440,0,12931
20:06:39,18.02.2018,4470,4470,440,0,12931
20:07:41,18.02.2018,4470,4470,440,0,12931
20:08:42,18.02.2018,4470,4470,440,0,12931
20:09:43,18.02.2018,4470,4470,440,0,12931
20:10:45,18.02.2018,4470,4470,440,0,12931
20:11:46,18.02.2018,4470,4470,440,0,12931
20:12:48,18.02.2018,4470,4470,440,0,12931
20:13:49,18.02.2018,4470,4470,440,0,12931
20:14:50,18.02.2018,4470,4470,440,0,12931
20:15:51,18.02.2018,4470,4470,440,0,12931
20:16:53,18.02.2018,4470,4470,440,0,12931
20:17:54,18.02.2018,4470,4470,440,0,12931
20:18:55,18.02.2018,4470,4470,440,0,12931
20:19:57,18.02.2018,4470,4470,440,0,12931
20:20:58,18.02.2018,4470,4470,440,0,12931
20:22:00,18.02.2018,4470,4470,440,0,12931
20:23:01,18.02.2018,4470,4470,440,0,12931
20:24:02,18.02.2018,4470,4470,440,0,12931
20:25:04,18.02.2018,4470,4470,440,0,12931
20:26:05,18.02.2018,4470,4470,440,0,12931
20:27:06,18.02.2018,4470,4470,440,0,12931
20:28:08,18.02.2018,4470,4470,440,0,12931
20:29:09,18.02.2018,4470,4470,440,0,12931
20:30:11,18.02.2018,4470,4470,440,0,12929
20:31:12,18.02.2018,4470,4470,440,0,12929
20:32:13,18.02.2018,4470,4470,440,0,12929
20:33:15,18.02.2018,4470,4470,440,0,12929
20:34:16,18.02.2018,4470,4470,440,0,12929
20:35:17,18.02.2018,4470,4470,440,0,12929
20:36:19,18.02.2018,4470,4470,440,0,12929
20:37:20,18.02.2018,4470,4470,440,0,12929
20:38:22,18.02.2018,4470,4470,440,0,12929
20:39:23,18.02.2018,4470,4470,440,0,12929
20:40:25,18.02.2018,4470,4470,440,0,12929
20:41:26,18.02.2018,4470,4470,440,0,12929
20:42:27,18.02.2018,4470,4470,440,0,12929
20:43:29,18.02.2018,4470,4470,440,0,12929
20:44:30,18.02.2018,4470,4470,440,0,12929
20:45:32,18.02.2018,4488,4488,440,478,12929
20:46:33,18.02.2018,4482,4488,440,491,12929
20:47:35,18.02.2018,4462,4478,440,678,12929
20:48:36,18.02.2018,4461,4486,440,547,12929
20:49:38,18.02.2018,4440,4476,440,705,12929
20:50:39,18.02.2018,4432,4478,440,612,12929
20:51:40,18.02.2018,4431,4486,440,513,12929
20:52:42,18.02.2018,4418,4484,440,546,12929
20:53:43,18.02.2018,4399,4476,440,711,12929
20:54:44,18.02.2018,4385,4475,440,693,12649
20:55:46,18.02.2018,4378,4479,440,615,12649
20:56:47,18.02.2018,4373,4483,440,545,12649
20:57:49,18.02.2018,4360,4480,440,613,12649
20:58:50,18.02.2018,4342,4474,440,756,12649
20:59:51,18.02.2018,4344,4485,440,569,12649
21:00:53,18.02.2018,4340,4489,440,490,12649
21:01:54,18.02.2018,4332,4489,440,500,12649
21:02:56,18.02.2018,4339,4503,440,314,12649
21:03:57,18.02.2018,4310,4482,440,730,12649
21:04:58,18.02.2018,4301,4484,440,622,12442
21:06:00,18.02.2018,4305,4495,440,429,12442
21:07:01,18.02.2018,4284,4482,440,615,12442
21:08:02,18.02.2018,4262,4472,440,835,12442
21:09:04,18.02.2018,4249,4473,440,733,12442
21:10:05,18.02.2018,4260,4491,440,494,12442
21:11:07,18.02.2018,4235,4478,440,623,12442
21:12:08,18.02.2018,4234,4486,440,552,12442
21:13:09,18.02.2018,4221,4473,440,803,12442
21:14:11,18.02.2018,4200,4484,440,519,12553
21:15:12,18.02.2018,4202,4493,440,427,12553
21:16:13,18.02.2018,4180,4480,440,651,12553
21:17:15,18.02.2018,4196,4504,440,300,12553
21:18:16,18.02.2018,4206,4518,440,157,12553
21:19:18,18.02.2018,4205,4519,440,177,12553
21:20:19,18.02.2018,4201,4518,440,171,12553
21:21:20,18.02.2018,4200,4520,440,175,12553
21:22:22,18.02.2018,4200,4522,440,145,12553
21:23:23,18.02.2018,4195,4520,440,158,12553
21:24:38,18.02.2018,4162,4488,440,64,12656
21:25:40,18.02.2018,4136,4475,440,758,12656
21:26:41,18.02.2018,4140,4487,440,490,12656
21:27:42,18.02.2018,4116,4473,440,706,12656
21:28:44,18.02.2018,4125,4493,440,495,12656
21:29:45,18.02.2018,4114,4488,440,524,12656
21:30:47,18.02.2018,4082,4467,440,883,12656
21:31:48,18.02.2018,4090,4483,440,556,12656
21:32:50,18.02.2018,4096,4497,440,382,12656
21:33:51,18.02.2018,4080,4489,440,636,12263
21:34:53,18.02.2018,4065,4490,440,501,12263
21:35:54,18.02.2018,4058,4491,440,448,12263
21:36:55,18.02.2018,4048,4489,440,508,12263
21:37:57,18.02.2018,4035,4484,440,534,12263
21:38:58,18.02.2018,4027,4485,440,514,12263
21:40:00,18.02.2018,4025,4491,440,441,12263
21:41:01,18.02.2018,4010,4485,440,538,12263
21:42:03,18.02.2018,4004,4488,440,508,12263
21:43:04,18.02.2018,4004,4495,440,403,12263
21:44:05,18.02.2018,3991,4490,440,503,12327
21:45:07,18.02.2018,3983,4490,440,436,12327
21:46:08,18.02.2018,3976,4491,440,474,12327
21:47:10,18.02.2018,3979,4500,440,351,12327
21:48:11,18.02.2018,3967,4494,440,455,12327
21:49:12,18.02.2018,3955,4491,440,462,12327
21:50:13,18.02.2018,3951,4494,440,455,12327
21:51:15,18.02.2018,3946,4497,440,388,12327
21:52:16,18.02.2018,3935,4493,440,422,12327
21:53:17,18.02.2018,3922,4489,440,523,12327
21:54:18,18.02.2018,3921,4496,440,402,12279
21:55:20,18.02.2018,3912,4494,440,468,12279
21:56:21,18.02.2018,3901,4492,440,455,12279
21:57:23,18.02.2018,3893,4491,440,458,12279
21:58:24,18.02.2018,3880,4487,440,541,12279
21:59:25,18.02.2018,3863,4479,440,687,12279
22:00:27,18.02.2018,3855,4483,440,570,12279
22:01:28,18.02.2018,3860,4495,440,422,12279
22:02:29,18.02.2018,3842,4485,440,567,12279
22:03:31,18.02.2018,3833,4485,440,523,12279
22:04:32,18.02.2018,3828,4488,440,498,12320
22:05:34,18.02.2018,3817,4487,440,483,12320
22:06:35,18.02.2018,3800,4480,440,567,12320
22:07:37,18.02.2018,3805,4493,440,436,12320
22:08:38,18.02.2018,3788,4484,440,550,12320
22:09:40,18.02.2018,3762,4470,440,784,12320
22:10:41,18.02.2018,3768,4485,440,527,12320
22:11:43,18.02.2018,3775,4499,440,363,12320
22:12:44,18.02.2018,3767,4498,440,345,12320
22:13:45,18.02.2018,3744,4485,440,524,12320
22:14:46,18.02.2018,3738,4488,441,479,12286
22:15:48,18.02.2018,3735,4492,441,448,12286
22:16:49,18.02.2018,3711,4478,441,690,12286
22:17:51,18.02.2018,3699,4477,441,476,12286
22:18:52,18.02.2018,3702,4497,441,391,12286
22:19:54,18.02.2018,3687,4491,441,460,12286
22:20:55,18.02.2018,3676,4488,441,559,12286
22:21:56,18.02.2018,3668,4488,441,462,12286
22:22:58,18.02.2018,3660,4490,441,530,12286
22:23:59,18.02.2018,3623,4468,441,812,12135
22:25:00,18.02.2018,3610,4469,441,842,12135
22:26:02,18.02.2018,3603,4476,441,752,12135
22:27:04,18.02.2018,3585,4474,441,741,12135
22:28:05,18.02.2018,3584,4483,441,643,12135
22:29:07,18.02.2018,3551,4464,441,1021,12135
00:30:05,19.02.2018,3522,4484,441,11,12299
05:15:25,19.02.2018,3475,4482,441,200,11878
05:16:27,19.02.2018,3452,4471,441,722,11878
05:17:28,19.02.2018,3454,4481,441,601,11878
05:18:30,19.02.2018,3443,4482,441,500,11878
05:19:31,19.02.2018,3453,4498,441,350,11878
05:20:32,19.02.2018,3416,4469,441,742,11878
05:21:34,19.02.2018,3421,4483,441,516,11878
05:22:35,19.02.2018,3430,4499,441,386,11878
05:23:36,19.02.2018,3401,4479,441,579,11878
05:24:38,19.02.2018,3400,4489,441,466,11878
05:25:39,19.02.2018,3390,4487,441,484,11968
05:26:40,19.02.2018,3375,4480,441,593,11968
05:27:41,19.02.2018,3386,4499,441,359,11968
05:28:42,19.02.2018,3349,4471,441,756,11968
05:29:43,19.02.2018,3347,4479,441,553,11968
05:30:45,19.02.2018,3335,4477,441,567,11968
05:31:46,19.02.2018,3320,4472,441,686,11968
05:32:48,19.02.2018,3308,4472,441,610,11968
05:33:49,19.02.2018,3319,4491,441,404,11968
05:34:50,19.02.2018,3307,4486,441,497,11968
05:35:52,19.02.2018,3288,4476,441,571,11918
05:36:53,19.02.2018,3284,4481,441,580,11918
05:37:54,19.02.2018,3268,4475,441,652,11918
05:38:56,19.02.2018,3253,4472,441,702,11918
05:39:57,19.02.2018,3237,4467,441,782,11918
05:40:59,19.02.2018,3231,4472,441,672,11918
05:42:00,19.02.2018,3220,4472,441,694,11918
05:43:01,19.02.2018,3210,4473,441,690,11918
05:44:03,19.02.2018,3205,4478,441,615,11918
05:45:04,19.02.2018,3205,4487,441,480,11918
05:46:06,19.02.2018,3188,4479,441,574,11840
05:47:07,19.02.2018,3162,4465,441,929,11840
05:48:09,19.02.2018,3172,4484,441,578,11840
05:49:10,19.02.2018,3158,4480,441,582,11840
05:50:11,19.02.2018,3143,4474,441,664,11840
05:51:13,19.02.2018,3133,4475,441,606,11840
05:52:14,19.02.2018,3128,4489,441,462,11840
05:53:16,19.02.2018,3116,4485,441,493,11840
05:54:17,19.02.2018,3112,4489,441,569,11840
05:55:18,19.02.2018,3085,4473,441,596,11778
05:56:20,19.02.2018,3072,4471,441,688,11778
05:57:21,19.02.2018,3074,4482,441,582,11778
05:58:22,19.02.2018,3072,4489,441,493,11778
05:59:23,19.02.2018,3044,4472,441,622,11778
06:00:25,19.02.2018,3038,4476,441,635,11778
06:01:26,19.02.2018,3023,4472,441,640,11778
06:02:27,19.02.2018,3009,4470,441,780,11778
06:03:28,19.02.2018,3008,4481,441,541,11778
06:04:30,19.02.2018,3001,4482,441,667,11778
06:05:31,19.02.2018,2987,4478,441,540,11750
06:06:32,19.02.2018,2985,4484,441,536,11750
06:07:34,19.02.2018,2971,4479,441,589,11750
06:08:35,19.02.2018,2963,4481,441,562,11750
06:09:36,19.02.2018,2957,4484,441,518,11750
06:10:38,19.02.2018,2936,4476,441,621,11750
06:11:39,19.02.2018,2945,4492,441,431,11750
06:12:41,19.02.2018,2915,4472,441,700,11750
06:13:42,19.02.2018,2921,4486,441,527,11750
06:14:43,19.02.2018,2902,4479,441,593,11750
06:15:45,19.02.2018,2898,4484,441,542,11695
06:16:46,19.02.2018,2901,4494,441,416,11695
06:17:47,19.02.2018,2882,4485,441,518,11695
06:18:49,19.02.2018,2857,4471,441,651,11695
06:19:50,19.02.2018,2850,4475,441,693,11695
06:20:52,19.02.2018,2845,4480,441,554,11695
06:21:53,19.02.2018,2840,4483,441,535,11695
06:22:54,19.02.2018,2835,4487,441,452,11695
06:23:55,19.02.2018,2805,4469,441,676,11695
06:24:57,19.02.2018,2803,4476,441,634,11695
06:25:58,19.02.2018,2787,4471,441,667,11626
06:26:59,19.02.2018,2794,4486,441,514,11626
06:28:01,19.02.2018,2774,4477,441,581,11626
06:29:02,19.02.2018,2759,4472,441,715,11626
06:30:04,19.02.2018,2751,4475,441,679,11626
06:31:05,19.02.2018,2742,4476,441,630,11626
06:32:07,19.02.2018,2725,4469,441,781,11626
06:33:08,19.02.2018,2761,4511,441,257,11626
06:34:09,19.02.2018,2760,4514,441,234,11626
06:35:11,19.02.2018,2755,4513,441,236,11626
06:36:12,19.02.2018,2720,4485,441,513,11549
06:37:13,19.02.2018,2712,4499,441,352,11549
06:38:15,19.02.2018,2714,4499,441,344,11549
07:50:15,19.02.2018,2557,4474,441,13,11766
07:51:16,19.02.2018,2540,4469,441,530,11766
07:52:18,19.02.2018,2533,4473,441,568,11766
07:53:19,19.02.2018,2524,4473,441,551,11766
07:54:20,19.02.2018,2500,4460,441,686,11766
07:55:22,19.02.2018,2499,4470,441,672,11766
07:56:23,19.02.2018,2512,4490,441,411,11766
07:57:24,19.02.2018,2489,4476,441,511,11766
07:58:25,19.02.2018,2494,4487,441,440,11766
07:59:27,19.02.2018,2454,4459,441,699,11766
08:00:28,19.02.2018,2459,4473,441,598,11317
08:01:30,19.02.2018,2445,4469,441,633,11317
08:02:31,19.02.2018,2425,4461,441,728,11317
08:03:32,19.02.2018,2408,4458,441,799,11317
08:04:34,19.02.2018,2381,4447,441,924,11317
08:05:35,19.02.2018,2371,4450,441,925,11317
08:06:37,19.02.2018,2401,4487,441,373,11317
08:07:38,19.02.2018,2342,4450,441,870,11317
08:08:40,19.02.2018,2347,4465,441,708,11317
08:09:41,19.02.2018,2331,4461,441,767,11317
08:10:43,19.02.2018,2298,4442,441,968,11420
08:11:44,19.02.2018,2314,4469,441,664,11420
08:12:45,19.02.2018,2299,4466,441,603,11420
08:13:47,19.02.2018,2296,4474,441,577,11420
08:14:48,19.02.2018,2258,4448,441,951,11420
08:15:49,19.02.2018,2248,4454,441,823,11420
08:16:51,19.02.2018,2236,4456,441,781,11420
08:17:52,19.02.2018,2239,4469,441,581,11420
08:18:53,19.02.2018,2223,4466,441,673,11420
08:19:55,19.02.2018,2231,4483,441,433,11420
08:20:56,19.02.2018,2229,4489,441,1083,11420
08:21:57,19.02.2018,2215,4495,441,329,11420
08:22:59,19.02.2018,2214,4499,441,334,11420
08:24:00,19.02.2018,2195,4487,441,411,11420
08:25:01,19.02.2018,2193,4491,441,436,11420
08:26:03,19.02.2018,2175,4481,441,460,11420
08:27:04,19.02.2018,2178,4490,441,387,11420
08:28:06,19.02.2018,2168,4487,441,424,11420
08:29:07,19.02.2018,2167,4492,441,383,11420
08:30:08,19.02.2018,2169,4500,441,320,11337
08:31:10,19.02.2018,2164,4500,441,272,11337
08:32:11,19.02.2018,2156,4497,441,356,11337
08:33:12,19.02.2018,2147,4493,441,371,11337
08:34:14,19.02.2018,2150,4501,441,270,11337
08:35:15,19.02.2018,2145,4501,441,268,11337
08:36:17,19.02.2018,2141,4501,441,270,11337
08:37:18,19.02.2018,2136,4501,441,269,11337
08:38:20,19.02.2018,2131,4501,441,270,11337
08:39:21,19.02.2018,2127,4501,441,291,11337
08:40:23,19.02.2018,2109,4490,441,401,11403
08:41:25,19.02.2018,2112,4499,441,294,11403
08:42:26,19.02.2018,2108,4499,441,286,11403
08:43:28,19.02.2018,2093,4491,441,401,11403
08:44:29,19.02.2018,2096,4499,441,293,11403
08:45:31,19.02.2018,2091,4499,441,290,11403
08:46:32,19.02.2018,2086,4499,441,293,11403
08:47:34,19.02.2018,2081,4499,441,289,11403
08:48:35,19.02.2018,2076,4499,441,290,11403
08:49:37,19.02.2018,2071,4499,441,298,11403
08:50:39,19.02.2018,2066,4499,441,292,11420
08:51:40,19.02.2018,2061,4499,441,302,11420
08:52:42,19.02.2018,2052,4495,441,375,11420
08:53:43,19.02.2018,2054,4502,441,283,11420
08:54:45,19.02.2018,2015,4472,441,593,11420
08:55:46,19.02.2018,1966,4438,441,1220,11420
08:56:47,19.02.2018,1999,4490,441,307,11483
08:57:49,19.02.2018,2000,4490,441,18,11703
08:58:50,19.02.2018,2054,4490,441,3637,11703
08:59:52,19.02.2018,2170,4490,441,3313,11703
09:00:53,19.02.2018,2223,4490,441,3173,11703
09:01:54,19.02.2018,2275,4490,441,3044,11703
09:02:56,19.02.2018,2324,4490,441,2917,11703
09:03:57,19.02.2018,2371,4490,441,2802,11703
09:04:58,19.02.2018,2417,4490,441,2708,11703
09:06:00,19.02.2018,2461,4490,441,2622,11703
09:07:01,19.02.2018,2502,4490,441,2495,12550
09:08:02,19.02.2018,2542,4490,441,2276,12550
09:09:03,19.02.2018,2580,4490,441,2236,12550
09:10:04,19.02.2018,2617,4490,441,2235,12550
09:11:06,19.02.2018,2653,4490,441,2174,12550
09:12:07,19.02.2018,2689,4490,441,2106,12550
09:13:08,19.02.2018,2723,4490,441,1929,12550
09:14:09,19.02.2018,2753,4490,441,1846,12550
09:15:11,19.02.2018,2784,4490,441,1845,12550
09:16:12,19.02.2018,2815,4490,441,1844,12550
09:17:14,19.02.2018,2845,4490,441,1787,12547
09:18:16,19.02.2018,2874,4490,441,1739,12547
09:19:17,19.02.2018,2903,4490,441,1741,12547
09:20:18,19.02.2018,2932,4490,441,1740,12547
09:21:19,19.02.2018,2961,4490,441,1739,12547
09:22:21,19.02.2018,2990,4490,441,1741,12547
09:23:22,19.02.2018,3019,4490,441,1739,12547
09:24:23,19.02.2018,3048,4490,441,1739,12547
09:25:24,19.02.2018,3077,4490,441,1739,12547
09:26:25,19.02.2018,3106,4490,441,1739,12547
09:27:27,19.02.2018,3135,4490,441,1741,12747
09:28:28,19.02.2018,3164,4490,441,1742,12747
09:29:29,19.02.2018,3193,4490,441,1742,12747
09:30:31,19.02.2018,3222,4490,441,1741,12747
09:31:32,19.02.2018,3251,4490,441,1741,12747
09:32:33,19.02.2018,3280,4490,441,1740,12747
09:33:35,19.02.2018,3309,4490,441,1741,12747
09:34:37,19.02.2018,3338,4490,441,1742,12747
09:35:38,19.02.2018,3367,4490,441,1741,12747
09:36:39,19.02.2018,3396,4490,441,1741,12747
09:37:41,19.02.2018,3425,4490,441,1740,12927
09:38:42,19.02.2018,3454,4490,441,1739,12927
09:39:43,19.02.2018,3483,4490,441,1739,12927
09:40:44,19.02.2018,3512,4490,441,1739,12927
10:11:42,19.02.2018,4062,4490,441,572,13005
10:21:22,19.02.2018,4141,4490,441,443,13010
10:27:42,19.02.2018,4184,4490,441,317,12993
10:34:02,19.02.2018,4216,4490,441,315,13008
10:35:03,19.02.2018,4221,4490,441,315,13008
10:36:04,19.02.2018,4227,4490,441,315,13008
10:37:06,19.02.2018,4232,4490,441,315,13008
10:38:07,19.02.2018,4237,4490,441,315,13008
10:39:08,19.02.2018,4242,4490,441,315,13008
10:40:10,19.02.2018,4248,4490,441,316,13008
10:41:11,19.02.2018,4253,4490,441,316,13008
10:42:12,19.02.2018,4258,4490,441,316,13008
10:43:14,19.02.2018,4263,4490,441,291,13008
10:44:15,19.02.2018,4490,4490,441,138,12929
10:45:17,19.02.2018,4490,4490,441,2,12929
10:46:18,19.02.2018,4490,4490,441,0,12929
10:47:19,19.02.2018,4490,4490,441,0,12929
10:48:21,19.02.2018,4490,4490,441,0,12929
10:49:22,19.02.2018,4490,4490,441,0,12929
10:50:23,19.02.2018,4490,4490,441,0,12929
10:51:25,19.02.2018,4490,4490,441,0,12929
10:52:26,19.02.2018,4490,4490,441,0,12929
10:53:28,19.02.2018,4490,4490,441,0,12929
10:54:30,19.02.2018,4490,4490,441,0,12885
10:55:31,19.02.2018,4490,4490,441,0,12885
10:56:33,19.02.2018,4490,4490,441,0,12885
10:57:34,19.02.2018,4490,4490,441,0,12885
10:58:36,19.02.2018,4490,4490,441,0,12885
10:59:38,19.02.2018,4490,4490,441,0,12885
11:00:39,19.02.2018,4490,4490,441,0,12885
11:01:41,19.02.2018,4490,4490,441,0,12885
11:02:43,19.02.2018,4490,4490,441,0,12885
11:03:44,19.02.2018,4490,4490,441,0,12885
11:04:46,19.02.2018,4490,4490,441,0,12874
11:05:48,19.02.2018,4490,4490,441,0,12874
11:06:49,19.02.2018,4490,4490,441,0,12874
11:07:51,19.02.2018,4490,4490,441,0,12874
11:08:53,19.02.2018,4490,4490,441,0,12874
11:09:54,19.02.2018,4490,4490,441,0,12874
11:10:56,19.02.2018,4490,4490,441,0,12874
11:11:57,19.02.2018,4490,4490,441,0,12874
11:12:59,19.02.2018,4490,4490,441,0,12874
11:14:01,19.02.2018,4490,4490,441,0,12871
11:15:02,19.02.2018,4490,4490,441,0,12871
11:16:04,19.02.2018,4490,4490,441,0,12871
11:17:05,19.02.2018,4490,4490,441,0,12871
11:18:07,19.02.2018,4490,4490,441,0,12871
11:19:08,19.02.2018,4490,4490,441,0,12871
11:20:10,19.02.2018,4490,4490,441,0,12871
11:21:12,19.02.2018,4490,4490,441,0,12871
11:22:13,19.02.2018,4490,4490,441,0,12871
11:23:15,19.02.2018,4490,4490,441,0,12871
11:24:16,19.02.2018,4490,4490,441,0,12865
11:25:18,19.02.2018,4490,4490,441,0,12865
11:26:20,19.02.2018,4490,4490,441,0,12865
11:27:21,19.02.2018,4490,4490,441,0,12865
11:28:23,19.02.2018,4490,4490,441,0,12865
11:29:25,19.02.2018,4200,4274,441,0,12865
11:30:26,19.02.2018,4200,4274,441,0,12865
11:31:28,19.02.2018,4200,4274,441,0,12865
11:32:29,19.02.2018,4200,4274,441,0,12865
11:33:30,19.02.2018,4200,4274,441,0,12865
11:34:31,19.02.2018,4200,4274,441,0,12864
11:35:33,19.02.2018,4200,4274,441,0,12864
11:36:34,19.02.2018,4200,4274,441,0,12864
11:37:35,19.02.2018,4200,4274,441,0,12864
11:38:37,19.02.2018,4200,4274,441,0,12864
11:39:38,19.02.2018,4200,4274,441,0,12864
11:40:39,19.02.2018,4200,4274,441,0,12864
11:41:41,19.02.2018,4200,4274,441,0,12864
11:42:42,19.02.2018,4200,4274,441,0,12864
11:43:43,19.02.2018,4200,4274,441,0,12864
11:44:45,19.02.2018,4200,4274,441,0,12861
11:45:46,19.02.2018,4200,4274,441,0,12861
11:46:47,19.02.2018,4200,4274,441,0,12861
11:47:49,19.02.2018,4289,4393,441,0,12861
11:48:50,19.02.2018,4289,4393,441,0,12861
11:49:51,19.02.2018,4289,4393,441,0,12861
11:50:52,19.02.2018,4289,4393,441,0,12861
11:51:54,19.02.2018,4289,4393,441,0,12861
11:52:55,19.02.2018,4289,4393,441,0,12861
11:53:56,19.02.2018,4289,4393,441,0,12861
11:54:58,19.02.2018,4289,4393,441,0,12859
11:55:59,19.02.2018,4289,4393,441,0,12859
11:57:00,19.02.2018,4289,4393,441,0,12859
11:58:01,19.02.2018,4289,4393,441,0,12859
11:59:03,19.02.2018,4290,4393,441,0,12859
12:00:04,19.02.2018,4290,4393,441,0,12859
12:01:05,19.02.2018,4290,4393,441,0,12859
12:02:06,19.02.2018,4290,4393,441,0,12859
12:03:08,19.02.2018,4290,4393,441,0,12859
12:04:09,19.02.2018,4290,4393,441,0,12856
12:05:10,19.02.2018,4290,4393,441,0,12856
12:06:11,19.02.2018,4290,4393,441,0,12856
12:07:13,19.02.2018,4290,4393,441,0,12856
12:08:14,19.02.2018,4290,4393,441,0,12856
12:09:16,19.02.2018,4290,4393,441,0,12856
12:10:17,19.02.2018,4290,4393,441,0,12856
12:11:18,19.02.2018,4290,4393,441,0,12856
12:12:20,19.02.2018,4291,4393,441,0,12856
12:13:21,19.02.2018,4291,4393,441,0,12856
12:14:22,19.02.2018,4291,4393,441,0,12854
12:15:24,19.02.2018,4291,4393,441,0,12854
12:16:25,19.02.2018,4291,4393,441,0,12854
12:17:26,19.02.2018,4291,4393,441,0,12854
12:18:28,19.02.2018,4291,4393,441,0,12854
12:19:29,19.02.2018,4291,4393,441,0,12854
12:20:30,19.02.2018,4291,4393,441,0,12854
12:21:32,19.02.2018,4291,4393,441,0,12854
12:22:33,19.02.2018,4291,4393,441,0,12854
12:23:34,19.02.2018,4291,4393,441,0,12854
12:24:36,19.02.2018,4291,4393,441,0,12853
12:25:37,19.02.2018,4291,4393,441,0,12853
12:26:39,19.02.2018,4292,4393,441,0,12853
12:27:40,19.02.2018,4292,4393,441,0,12853
12:28:42,19.02.2018,4292,4393,441,0,12853
12:29:43,19.02.2018,4292,4393,441,0,12853
12:30:44,19.02.2018,4292,4393,441,0,12853
12:31:46,19.02.2018,4292,4393,441,0,12853
12:32:47,19.02.2018,4292,4393,441,0,12853
12:33:48,19.02.2018,4292,4393,441,0,12853
12:34:50,19.02.2018,4292,4393,441,0,12852
12:35:51,19.02.2018,4292,4393,441,0,12852
12:36:52,19.02.2018,4292,4393,441,0,12852
12:37:54,19.02.2018,4292,4393,441,0,12852
12:38:55,19.02.2018,4292,4393,441,0,12852
12:39:56,19.02.2018,4292,4393,441,0,12852
12:40:58,19.02.2018,4292,4393,441,0,12852
12:41:59,19.02.2018,4292,4393,441,0,12852
12:43:01,19.02.2018,4292,4393,441,0,12852
12:44:03,19.02.2018,4292,4393,441,0,12851
12:45:04,19.02.2018,4292,4393,441,0,12851
12:46:06,19.02.2018,4292,4393,441,0,12851
12:47:08,19.02.2018,4292,4393,441,0,12851
12:48:10,19.02.2018,4292,4393,441,0,12851
12:49:11,19.02.2018,4292,4393,441,0,12851
12:50:13,19.02.2018,4292,4393,441,0,12851
12:51:15,19.02.2018,4294,4395,441,0,12851
12:52:17,19.02.2018,4294,4395,441,0,12851
12:53:19,19.02.2018,4294,4395,441,0,12851
12:54:20,19.02.2018,4294,4395,441,0,12852
12:55:22,19.02.2018,4294,4395,441,0,12852
12:56:24,19.02.2018,4294,4395,441,0,12852
12:57:26,19.02.2018,4294,4395,441,0,12852
12:58:28,19.02.2018,4294,4395,441,0,12852
12:59:29,19.02.2018,4294,4395,441,0,12852
13:00:31,19.02.2018,4294,4395,441,0,12852
13:01:32,19.02.2018,4294,4395,441,0,12852
13:02:33,19.02.2018,4294,4395,441,0,12852
13:03:35,19.02.2018,4294,4395,441,0,12852
13:04:36,19.02.2018,4294,4395,441,0,12851
13:49:49,19.02.2018,4323,4327,441,6,12837
13:50:51,19.02.2018,4249,4285,441,625,12837
13:51:52,19.02.2018,4218,4267,441,769,12837
13:52:53,19.02.2018,4206,4266,441,827,12837
13:53:54,19.02.2018,4220,4290,441,466,12837
13:54:56,19.02.2018,4196,4277,441,611,12837
13:55:57,19.02.2018,4202,4292,441,477,12837
13:56:59,19.02.2018,4164,4266,441,927,12837
13:58:00,19.02.2018,4154,4270,441,733,12837
13:59:01,19.02.2018,4150,4275,441,659,12480
14:00:03,19.02.2018,4124,4276,441,611,12480
14:01:04,19.02.2018,4131,4291,441,427,12480
14:02:05,19.02.2018,4113,4282,441,538,12480
14:32:41,19.02.2018,4148,4325,441,6,12721
14:33:42,19.02.2018,4098,4285,441,568,12721
14:34:43,19.02.2018,4076,4274,441,683,12721
14:35:45,19.02.2018,4102,4307,441,285,12721
14:36:46,19.02.2018,4102,4311,441,253,12721
14:37:47,19.02.2018,4048,4268,441,778,12721
14:38:49,19.02.2018,4028,4264,441,863,12721
14:39:50,19.02.2018,4030,4278,441,625,12721
14:40:51,19.02.2018,4032,4288,441,468,12721
14:41:53,19.02.2018,4028,4292,441,451,12721
14:42:54,19.02.2018,4026,4297,441,392,12469
14:43:56,19.02.2018,4024,4301,441,357,12469
14:44:57,19.02.2018,4018,4301,441,358,12469
14:45:59,19.02.2018,4012,4301,441,360,12469
14:47:01,19.02.2018,4006,4301,441,358,12469
14:48:03,19.02.2018,4000,4301,441,359,12469
14:49:04,19.02.2018,3980,4289,441,490,12469
14:50:06,19.02.2018,3972,4289,441,487,12469
14:51:07,19.02.2018,3964,4289,441,481,12469
14:52:09,19.02.2018,3966,4298,441,377,12469
14:53:10,19.02.2018,3960,4298,441,394,12405
14:54:11,19.02.2018,3944,4290,441,474,12405
14:55:13,19.02.2018,3938,4292,441,453,12405
14:56:15,19.02.2018,3941,4301,441,369,12405
14:57:16,19.02.2018,3935,4301,441,365,12405
14:58:18,19.02.2018,3929,4301,441,366,12405
14:59:20,19.02.2018,3923,4301,441,370,12405
15:00:22,19.02.2018,3917,4301,441,369,12405
15:01:24,19.02.2018,3911,4301,441,375,12405
15:02:25,19.02.2018,3905,4301,441,374,12360
15:03:27,19.02.2018,3893,4301,441,353,12360
15:04:29,19.02.2018,3887,4301,441,350,12360
15:05:31,19.02.2018,3881,4301,441,361,12360
15:06:33,19.02.2018,3875,4301,441,354,12360
15:07:35,19.02.2018,3869,4301,441,354,12360
15:08:36,19.02.2018,3863,4301,441,353,12360
15:09:38,19.02.2018,3853,4297,441,442,12360
15:10:40,19.02.2018,3836,4288,441,469,12360
15:11:42,19.02.2018,3837,4294,441,41,12723
15:12:43,19.02.2018,3862,4294,441,1421,12723
15:13:44,19.02.2018,3885,4294,441,1226,12723
15:14:46,19.02.2018,3904,4294,441,1150,12723
15:15:48,19.02.2018,3923,4294,441,1150,12723
15:16:49,19.02.2018,3942,4294,441,1150,12723
15:17:50,19.02.2018,3959,4294,441,1024,12723
15:18:52,19.02.2018,3976,4294,441,1021,12723
15:19:53,19.02.2018,3993,4294,441,922,12723
15:20:55,19.02.2018,4007,4294,441,893,12723
15:21:56,19.02.2018,4022,4294,441,892,13019
15:22:58,19.02.2018,4037,4294,441,865,13019
15:24:00,19.02.2018,4050,4294,441,765,13019
15:25:02,19.02.2018,4062,4294,441,764,13019
15:26:04,19.02.2018,4075,4294,441,763,13019
15:27:05,19.02.2018,4088,4294,441,763,13019
15:28:07,19.02.2018,4099,4294,441,638,13019
15:29:08,19.02.2018,4109,4294,441,631,13019
15:30:10,19.02.2018,4120,4294,441,632,13019
15:31:11,19.02.2018,4130,4294,441,632,13019
16:17:56,19.02.2018,4294,4294,441,3,12919
16:36:17,19.02.2018,4361,4361,441,0,12911
16:50:26,19.02.2018,4361,4361,441,0,12906
17:04:50,19.02.2018,4361,4361,441,3,12893
17:12:25,19.02.2018,4361,4361,441,1,12895
17:21:33,19.02.2018,4346,4360,441,0,12901
17:49:15,19.02.2018,4371,4391,441,15,12874
18:51:36,19.02.2018,4303,4359,441,11,12867
18:52:38,19.02.2018,4278,4347,441,625,12867
18:53:39,19.02.2018,4301,4376,441,327,12867
18:54:41,19.02.2018,4290,4372,441,347,12867
18:55:42,19.02.2018,4284,4372,441,349,12867
18:56:43,19.02.2018,4287,4380,441,288,12867
18:57:45,19.02.2018,4277,4376,441,346,12867
18:58:46,19.02.2018,4236,4345,441,583,12867
18:59:47,19.02.2018,4259,4373,441,357,12867
19:00:49,19.02.2018,4215,4339,441,725,12867
19:01:50,19.02.2018,4222,4356,441,549,12452
19:02:51,19.02.2018,4227,4368,441,357,12452
19:03:52,19.02.2018,4220,4368,441,374,12452
19:04:53,19.02.2018,4219,4373,441,339,12452
19:05:54,19.02.2018,4213,4373,441,351,12452
19:06:55,19.02.2018,4207,4373,441,343,12452
19:07:57,19.02.2018,4181,4353,441,488,12452
19:08:58,19.02.2018,4195,4373,441,328,12452
19:09:59,19.02.2018,4190,4373,441,330,12452
19:11:00,19.02.2018,4184,4373,441,336,12452
19:12:03,19.02.2018,4185,4381,441,249,12693
19:18:00,19.02.2018,4155,4356,441,10,12735
19:19:01,19.02.2018,4160,4369,441,376,12735
19:20:02,19.02.2018,4160,4375,441,345,12735
19:21:03,19.02.2018,4162,4382,441,266,12735
19:22:04,19.02.2018,4158,4382,441,257,12735
19:23:05,19.02.2018,4150,4379,441,273,12735
19:24:07,19.02.2018,4149,4382,441,275,12735
19:25:08,19.02.2018,4144,4382,441,258,12735
19:26:09,19.02.2018,4140,4382,441,259,12735
19:27:10,19.02.2018,4134,4381,441,267,12735
19:28:11,19.02.2018,4130,4381,441,255,12595
19:29:13,19.02.2018,4125,4381,441,254,12595
19:30:14,19.02.2018,4121,4381,441,270,12595
19:31:15,19.02.2018,4116,4381,441,262,12595
19:32:16,19.02.2018,4112,4381,441,260,12595
19:33:18,19.02.2018,4107,4381,441,258,12595
19:34:19,19.02.2018,4103,4381,441,257,12595
19:35:20,19.02.2018,4098,4381,441,257,12595
19:36:21,19.02.2018,4089,4377,441,313,12595
19:37:23,19.02.2018,4088,4380,441,259,12595
19:38:24,19.02.2018,4087,4383,441,261,12569
19:39:26,19.02.2018,4080,4381,441,276,12569
19:40:27,19.02.2018,4061,4368,441,364,12569
19:41:28,19.02.2018,4069,4381,441,282,12569
19:42:30,19.02.2018,4029,4350,441,615,12569
19:43:31,19.02.2018,4030,4360,441,516,12569
19:44:32,19.02.2018,4034,4371,441,336,12569
19:45:34,19.02.2018,4005,4350,441,515,12569
19:46:35,19.02.2018,3976,4332,441,766,12569
19:47:36,19.02.2018,4004,4367,441,431,12569
19:48:38,19.02.2018,3992,4365,441,383,12506
19:49:39,19.02.2018,4007,4384,441,227,12506
19:50:40,19.02.2018,4009,4389,441,203,12506
19:51:42,19.02.2018,3978,4364,441,497,12506
19:52:43,19.02.2018,3998,4389,441,199,12506
19:53:45,19.02.2018,3988,4382,441,249,12506
19:54:46,19.02.2018,3990,4388,441,211,12506
19:55:47,19.02.2018,3994,4394,441,175,12506
19:56:49,19.02.2018,3991,4394,441,180,12506
19:57:50,19.02.2018,3986,4393,441,189,12506
19:58:52,19.02.2018,3983,4395,441,156,12494
19:59:53,19.02.2018,3972,4388,441,197,12494
20:00:54,19.02.2018,3965,4386,441,241,12494
20:01:56,19.02.2018,3938,4366,441,413,12494
20:02:57,19.02.2018,3926,4362,441,497,12494
20:03:58,19.02.2018,3915,4358,441,495,12494
20:05:00,19.02.2018,3907,4358,441,493,12494
20:06:01,19.02.2018,3923,4380,441,255,12494
20:07:02,19.02.2018,3898,4363,441,466,12494
20:08:04,19.02.2018,3881,4356,441,448,12460
20:09:05,19.02.2018,3895,4375,441,299,12460
20:10:06,19.02.2018,3888,4373,441,334,12460
20:11:08,19.02.2018,3894,4384,441,230,12460
20:12:09,19.02.2018,3898,4391,441,178,12460
20:13:11,19.02.2018,3885,4382,441,255,12460
20:14:12,19.02.2018,3873,4376,441,295,12460
20:15:13,19.02.2018,3856,4366,441,404,12460
20:16:15,19.02.2018,3865,4379,441,270,12460
20:17:16,19.02.2018,3876,4393,441,162,12460
20:18:17,19.02.2018,3848,4369,441,419,12338
20:19:19,19.02.2018,3858,4384,441,247,12338
20:20:20,19.02.2018,3849,4379,441,321,12338
20:21:21,19.02.2018,3840,4375,441,353,12338
20:22:23,19.02.2018,3848,4387,441,246,12338
20:23:24,19.02.2018,3851,4394,441,167,12338
20:24:25,19.02.2018,3849,4394,441,158,12338
20:25:27,19.02.2018,3837,4387,441,215,12338
20:26:28,19.02.2018,3830,4384,441,241,12338
20:27:30,19.02.2018,3834,4391,441,175,12338
20:28:31,19.02.2018,3832,4392,441,174,12450
20:29:32,19.02.2018,3817,4382,441,232,12450
20:30:33,19.02.2018,3822,4390,441,203,12450
20:31:35,19.02.2018,3801,4375,441,315,12450
20:32:36,19.02.2018,3803,4380,441,322,12450
20:33:37,19.02.2018,3800,4382,441,282,12450
20:34:39,19.02.2018,3774,4363,441,447,12450
20:35:40,19.02.2018,3784,4378,441,286,12450
20:36:41,19.02.2018,3790,4388,441,199,12450
20:37:43,19.02.2018,3780,4383,441,247,12450
20:38:44,19.02.2018,3765,4373,441,331,12396
20:39:45,19.02.2018,3770,4382,441,245,12396
20:40:47,19.02.2018,3762,4378,441,321,12396
20:41:48,19.02.2018,3743,4366,441,403,12396
20:42:49,19.02.2018,3740,4370,441,351,12396
20:43:51,19.02.2018,3738,4373,441,374,12396
20:44:52,19.02.2018,3729,4373,441,332,12396
20:45:53,19.02.2018,3744,4392,441,181,12396
20:46:55,19.02.2018,3718,4373,441,332,12396
21:48:46,19.02.2018,3687,4355,441,10,12458
00:02:58,20.02.2018,3687,4357,441,170,12160
00:22:48,20.02.2018,3679,4357,441,170,12143
02:43:51,20.02.2018,3659,4356,441,133,12093
05:52:48,20.02.2018,3636,4357,441,191,12047
05:53:50,20.02.2018,3661,4389,441,184,12047
05:54:51,20.02.2018,3653,4386,441,243,12047
05:55:53,20.02.2018,3653,4389,441,199,12047
05:56:54,20.02.2018,3653,4393,441,194,12047
05:57:55,20.02.2018,3643,4387,441,255,12047
05:58:57,20.02.2018,3642,4390,441,196,12047
05:59:58,20.02.2018,3639,4390,441,211,12047
06:00:59,20.02.2018,3613,4371,441,354,12047
06:02:01,20.02.2018,3615,4379,441,299,12047
06:03:02,20.02.2018,3605,4375,441,312,12255
06:04:03,20.02.2018,3600,4375,441,348,12255
06:05:05,20.02.2018,3602,4382,441,244,12255
06:06:06,20.02.2018,3606,4390,441,210,12255
06:07:07,20.02.2018,3603,4390,441,198,12255
06:08:09,20.02.2018,3561,4354,441,612,12255
06:09:10,20.02.2018,3558,4359,441,530,12255
06:10:11,20.02.2018,3567,4375,441,345,12255
06:11:13,20.02.2018,3569,4382,441,252,12255
06:12:14,20.02.2018,3555,4373,441,396,12255
06:13:15,20.02.2018,3526,4355,441,514,12105
06:14:17,20.02.2018,3538,4376,441,329,12105
06:15:18,20.02.2018,3542,4385,441,240,12105
06:16:19,20.02.2018,3517,4366,441,416,12105
06:17:21,20.02.2018,3519,4375,441,383,12105
